"","meanR","varR","cvR","fractalR","meanC","varC","cvC","fractalC"
"1",-2.32893214571277,0.85131429371146,0.201751437650478,2.58315793817832,-4.43267352303347,1.54350781778564,0.42284534313472,2.44595221896805
"2",-0.326353793101169,0.50011866186862,0.107543387002475,2.63841074054386,-4.01124316919389,1.01658158867109,0.300114547983862,2.61835500351401
"3",-1.26938195664238,0.491132786730235,0.124414893579653,2.71355814694886,-0.957252311593876,2.83213088517583,0.262396019388546,2.44647152730337
"4",-2.22175519129652,1.35458793839185,0.248665094105465,2.45921252161319,2.30343865167796,1.40916885053312,0.122705491232879,2.5415233014917
"5",-4.60642035907221,0.520860657122257,0.31435995541878,2.75324213322873,1.36397930440689,0.645141803935127,0.0919548956348513,2.83255539892989
"6",0.400704796309228,1.8801528994683,0.187758622141028,2.37607340421222,-4.52507527779735,0.557851091467784,0.262460409220119,2.75288843568308
"7",-0.931976713862326,0.541577830354264,0.123264657554673,2.69545395747425,-3.365167842842,1.28256694312549,0.282726952521346,2.60106558187224
"8",-1.25494271134443,0.548638683628015,0.131160865229023,2.67684647774059,0.93164924127035,1.13031008299345,0.128053581673759,2.63355225820131
"9",-0.982054179462259,0.827978975375232,0.153700736317436,2.56815541953568,2.4639051041516,2.05924003675013,0.145912142433616,2.44425795753504
"10",-4.4911414592923,1.19713839064826,0.453796587779399,2.52345499980555,2.20960646410898,0.966423503310332,0.102612218516818,2.62340090959051
"11",1.36767852607663,0.813835821071312,0.109085829400607,2.62084576577909,-3.00375437075336,1.61417395074788,0.290928211893776,2.48766720883257
"12",0.992137341336446,2.34258352483618,0.19387905080936,2.32134184367902,-1.19320870103237,2.93626355950645,0.277381322288533,2.36145473221385
"13",0.438194139904176,0.577960637405557,0.103568741838685,2.66177421300601,2.14585185989747,1.35427275317224,0.122283582652864,2.54457535880594
"14",-0.235032821459867,0.53641176242255,0.109851665198883,2.67068248544107,1.31944863269632,0.749620321135293,0.0996294354936691,2.79470237147845
"15",-1.74565828652537,2.0680463223935,0.278881753597896,2.28633953572093,1.03923397833399,0.673277064783219,0.0975659615483015,2.78765720946094
"16",4.62811914970412,0.769976655905922,0.0761021247198449,2.63947688285869,-0.162019942500516,0.585705655221299,0.106163924446284,2.7342631455768
"17",3.11215446169688,1.04740715201296,0.102196033087859,2.44844450723606,0.512157760739653,0.702123773612315,0.106295958728891,2.6592127648028
"18",1.24184695286727,0.53887669872484,0.0901370803964507,2.66375268492834,1.21459223169565,1.43823561640968,0.139686380692353,2.45238058082772
"19",1.20263625819463,0.378269596866696,0.0758849271834256,2.8202817524182,2.95746646421992,1.10415192136615,0.101738728539349,2.63477513950838
"20",-0.102536965605263,1.08651919419422,0.153295771772665,2.43664514106572,1.50630756892061,0.776491973531138,0.0992650157637933,2.71021800256957
"21",4.30465958083065,1.65017548757639,0.114625289999934,2.43319515490459,1.20960550563658,0.892373179570712,0.110094247500981,2.65628065520154
"22",3.3499463694208,1.84402151821266,0.132454721021219,2.3752504474623,-0.98703523860199,0.763173866933679,0.136846525657732,2.65334768292188
"23",1.14527192185124,0.57041375447824,0.09385006254611,2.65905295998419,-0.650640796204669,1.16256915657399,0.16044596399052,2.62632990188791
"24",0.0348652989811284,1.08223900207778,0.149963199118879,2.48545467908507,1.89138090943807,1.51599253704089,0.132933524038089,2.48550814300268
"25",-1.7220282137963,1.0211164338595,0.195070672985564,2.54593445664264,0.219447496359428,2.10939385415641,0.191347142249087,2.50252036681187
"26",-1.43530114341639,1.33562626362472,0.187424419273099,2.49773156208639,3.51424952765234,0.900076118782001,0.0816202768906066,2.60498341669855
"27",-3.73401389488368,2.52180515098656,0.410609463821102,2.3699421474396,1.7066512733692,1.28008092011405,0.115261169050145,2.51443958564936
"28",-3.93375282115483,1.77731635525603,0.363483780628838,2.43480011043878,0.479565080041639,1.074263042269,0.120674572106461,2.55374573244006
"29",-4.37572768086829,1.10942059213257,0.326525228639431,2.53034926212242,-0.177583211510884,1.41373108391015,0.149903620812362,2.54206984858448
"30",-3.49052329339161,0.761036660389819,0.212206953459642,2.69463926939964,-0.712379960793753,1.92302795705593,0.187472468665598,2.47592821680689
"31",2.33496421450311,1.58975219654386,0.126891813515398,2.5048935997647,4.28674985397795,2.65670611519915,0.131487912876902,2.45286870435022
"32",0.816794927135173,1.84977022337139,0.161560672627783,2.52810700073644,2.35015132317965,0.61485598163326,0.0749677890546464,2.76916927922112
"33",-1.04224182353856,1.60182965747383,0.192954357820543,2.51472917775923,1.28401045583942,1.48574595399352,0.129762784206727,2.60159442234951
"34",-2.61532897405188,1.18617750717644,0.218428441205877,2.49072926673304,-1.51929924894613,1.49508430378782,0.185542098525016,2.51457898976677
"35",-1.82248816438358,1.66855684248572,0.223520945764269,2.41709419891863,-1.94511540840352,1.52481563220003,0.20032159996248,2.55269471391606
"36",2.66868895785584,0.409408389209336,0.0623018108857072,2.84322337812063,2.16614083281282,0.962051504379489,0.0954543111697253,2.71551411958533
"37",1.16584472565215,0.667222892440623,0.0931683164443336,2.77175567458065,0.0233692035774855,0.877153659094922,0.115159760016112,2.62399118888106
"38",1.63098644005237,1.41273989072369,0.128739922649523,2.56893894858472,-0.996791369820607,0.903134926384313,0.133613075524724,2.70139319037109
"39",0.518938534317832,0.540893077882205,0.0905684965823188,2.83124394038755,-1.94187031679999,1.02075900749335,0.163814429823857,2.64983142886589
"40",0.321134972144858,0.683164573745539,0.104326340930029,2.70230651020121,-2.97435948078714,1.67777488446049,0.252246484576502,2.61092277376677
"41",3.17046965503765,1.85549770081763,0.126454937191924,2.50297817967339,2.03665187524609,0.781608914545821,0.0871362294197677,2.70306347543537
"42",0.380770011613786,1.23815729690806,0.139399893750137,2.53789369877232,0.0458704966826381,1.52647985281717,0.151498566472927,2.53145993860472
"43",-0.499541164266864,3.98959376677238,0.281246580775516,2.31152285737519,-2.94145372591788,2.56698120141638,0.310024126928587,2.41525842293994
"44",1.11035498709413,0.863207468749893,0.106646798838778,2.65040415499859,-3.4782664585656,1.39033946374826,0.254610029830674,2.66868387066801
"45",1.9345739344741,0.800533471075821,0.0938255091991837,2.66263530288965,-2.24878716335424,1.83336322646823,0.231037838224978,2.45087901113656
"46",3.37336504956148,1.0115329282684,0.0916413571101787,2.59977017965376,3.93181729237875,2.22244681898777,0.123807288781189,2.5176320254499
"47",1.46335630603188,1.63475636997769,0.141047836280594,2.51935894040265,1.07901457447104,2.10620616120177,0.157946883287011,2.45626821256633
"48",1.07905048415445,2.03835770201841,0.164472692606925,2.41793372661512,-2.04785840454042,0.624760569249679,0.130399384057239,2.80768426708406
"49",0.511180787817735,0.644389811484087,0.0989488783818368,2.79530316803869,-1.64683599192651,1.49145404027115,0.188973884537227,2.56862221806593
"50",0.468444972509195,0.947673136605283,0.120631199898408,2.66120830763106,-0.273641047862426,2.54125238451155,0.203443698675745,2.41703142217583
"51",2.26451882047219,1.00282867247101,0.105217857080651,2.62561290219795,-3.41491671110181,0.839065203612518,0.278395749975624,2.78367579193413
"52",3.68842168869159,0.429507647704319,0.0598978925533027,2.77144120836794,-3.00434668571934,0.912002147077762,0.258044325629608,2.6844463787797
"53",2.95652393869914,1.0008632427013,0.0979899904673925,2.59034547441941,-3.28591752691841,1.0009250372205,0.292592983616829,2.69510256113738
"54",-1.29825372657259,2.56867574875255,0.269147966221817,2.33067123703711,-3.99158056387339,0.423543864925407,0.239826890459815,2.94328541038738
"55",-2.90569037738481,0.340361652067602,0.134199023875538,2.77864691269361,-3.73078771067117,1.07787582271219,0.349044683356811,2.56518862213368
"56",1.78069766036842,1.13043395560656,0.117694687935953,2.60299592991581,-0.393993983676599,2.12607396254476,0.231033950386094,2.39221975926224
"57",3.65880834860767,0.596479610039495,0.070778429097294,2.64683085851576,-0.463391247264577,0.937481390974925,0.155120728372631,2.76728508427217
"58",3.30715844330576,1.23856854729865,0.105387579986956,2.44920009164875,-1.41852230389655,0.846839622317254,0.174067033882331,2.70897610137741
"59",-0.553872200170824,1.25742981168405,0.16738763194064,2.57023129445706,-1.73735558809524,2.34949040356866,0.308544317266349,2.45349513685873
"60",-3.5359279753214,0.815280530033681,0.242913757648296,2.61788139252848,-2.31102721633712,0.92658024032839,0.219059916428732,2.67499877490337
"61",0.635950619232817,0.711094538158433,0.10689175885883,2.65033319065552,1.80139993676092,0.75869172476283,0.102394329344662,2.82031123504286
"62",1.39259787689581,0.883156440517645,0.108698511322955,2.67193246858277,2.65158952515853,0.730887980627804,0.091368787011629,2.71921342697848
"63",1.59298692522213,1.44489060338107,0.135884838465348,2.57295416423613,1.92152746458701,2.42543501449023,0.180529423295309,2.46721415963547
"64",-0.781851668634188,0.605620738525651,0.120259323848016,2.75192317931008,0.896573148192395,0.803509127040745,0.117917877210306,2.73008352994968
"65",-2.62699740126641,1.15925670964209,0.232746724414563,2.46513441072341,-0.264842063895487,0.936078664892724,0.150226021516692,2.68458182486016
"66",1.40532878706256,0.36364498451238,0.069647340219431,2.85242135696554,1.39456882266291,2.06970411350893,0.177615437660299,2.4294110586566
"67",0.0746306334976498,0.755572505466507,0.118624467721336,2.61665830442113,2.95003088175162,1.53264659117148,0.128220563023673,2.51267628407782
"68",-1.12983266021991,0.749170018172824,0.14135585264771,2.59727691535817,2.96530098333582,0.687691941588575,0.0857526058752961,2.7000523770943
"69",-1.67120170256307,0.960654606648352,0.175593808458672,2.52683249102072,2.10425716597773,2.00619489374406,0.160781723212691,2.40522768111972
"70",-0.91521071922512,0.661275010266956,0.128307782037955,2.756656544485,0.841278459560208,1.5561497928511,0.165302913085184,2.53957257596498
"71",1.61494784486286,0.533881013450706,0.0823946324099632,2.80753680852215,0.465683977488283,2.39986262267344,0.216032750188994,2.42726200135999
"72",0.3328383819405,1.09298359602696,0.137817071493814,2.54701476852657,1.65587686040489,1.5661752297255,0.14967772973685,2.49431944862512
"73",-1.43676201933078,0.80860214762509,0.154605518486777,2.72374435588976,1.79620518477022,0.479831550302223,0.0814803573685506,2.78616359379592
"74",-4.14327327087488,1.57222542840844,0.403213112817482,2.54181986351625,2.44420342158782,0.577185863894301,0.083035606079859,2.79687880195358
"75",-3.70653624729517,0.793224987235758,0.251132083273681,2.60220979217949,0.128185769211339,2.76478244378464,0.243328846596288,2.40272066786242
"76",1.24798362870372,0.989459062633833,0.106581588208184,2.71246023475988,-1.73465809470069,0.90805248422052,0.157903673211238,2.70123734619874
"77",1.1583476527183,1.29347802546149,0.123042190073685,2.6319172255247,-1.92334830226983,0.885239074424561,0.160939611190154,2.57873822630059
"78",0.0996182620407688,2.61169117015587,0.197454387389045,2.55095998827726,-4.07761160739599,1.47654759773903,0.329139118437205,2.55126211186873
"79",-2.06547506673521,1.34495998678018,0.192663000318926,2.57008797590838,-2.52482821489253,1.30072609393341,0.217459139993544,2.54023186977409
"80",-3.75621524030142,0.92207635098153,0.221832713470454,2.78463362557208,-0.7977807111009,0.696147384235816,0.119677636446456,2.68120745884729
"81",1.70762143972073,0.948971713735755,0.0994789669661844,2.78252345234397,-2.17871297352873,1.20435351407214,0.196293947575697,2.57030367052801
"82",-0.753338451894241,2.47175705015175,0.214439748601324,2.41357817250464,-1.73194982195017,0.609766494418478,0.129337266748085,2.75100860039762
"83",-1.65757424918494,0.888566679437539,0.146660589614956,2.73228223842424,-2.62103182133779,1.00114700932147,0.19434528386821,2.62541025716945
"84",-3.47890942541745,1.69975087867315,0.283053034385951,2.65527774067314,-0.438507188592985,0.775611335283004,0.120132762926014,2.70925376162112
"85",-3.34388125422398,1.77628815615267,0.281114541152529,2.59253408989029,-0.372940588487761,1.20202073163986,0.148227367309537,2.63948565650258
"86",1.64755236803418,1.34097143368585,0.118983471292309,2.67126013824601,-1.67853441436194,0.543066095937779,0.120988148228611,2.73530991992822
"87",1.18504360456657,1.21375668432427,0.118846895650721,2.63970858582928,-0.748131346042299,2.53096430128116,0.226581013707729,2.44509243638492
"88",0.147616924205753,1.24135719460636,0.13533644249041,2.62926047945185,0.25202635743902,2.57613639867582,0.200091854479931,2.40523923362668
"89",-2.42862184862342,2.68966459515399,0.289945823795503,2.51358741577442,1.00247563096363,0.8227143334124,0.103402000660047,2.77099243073393
"90",-4.37173537527987,1.36120256005003,0.314206358651004,2.64974021853475,1.15570214543142,0.806786861633697,0.100638265355391,2.71586414604916
"91",1.75921940251202,1.42123436827063,0.121103068159609,2.6245173886115,-1.57457886280761,0.780807010237647,0.142639121703729,2.71038032599898
"92",1.62929391718963,0.94101691551499,0.0998598946887704,2.69392999440179,0.96055893733334,1.77344375282666,0.152543381330866,2.53570771981434
"93",1.23077517066466,3.03913258771808,0.18713697641644,2.514271377467,2.08981700220051,1.11724529334474,0.107208460918887,2.63603160605641
"94",0.843605681461727,1.19134564463522,0.122247277098644,2.65749259280101,3.62180493844772,2.33671030160403,0.134193155477724,2.35487100773408
"95",-1.31517472164384,1.56702708132023,0.184912383563209,2.58801595495713,2.62689113501707,1.34181783834693,0.111420656070619,2.56919080020756
"96",2.19604355960103,1.42710002317544,0.116196603993913,2.6036270243569,-1.38356874078275,0.624362583570141,0.123736179922661,2.85397092893762
"97",3.74077656314762,1.70979874951697,0.110572163846162,2.52136096147416,1.02701445288596,0.984610565821261,0.112803726429347,2.64565265814226
"98",3.11727490156672,1.09728534148427,0.0935097097357617,2.74724519261684,1.99959111127511,1.49445946356882,0.125138097976139,2.49494177056372
"99",0.914005126863314,0.883622158525225,0.10445824288034,2.67123605669579,4.17548504776992,0.654298811030078,0.0677179490548788,2.77127648624278
"100",0.546147430307636,1.03765480881902,0.118021736386425,2.65615984424353,4.8748159294882,0.911115317847478,0.0754905522732672,2.65257630264001
"101",-0.720328498229453,1.85574169787573,0.239183954165446,2.52394628718028,0.144314095257384,1.90015555062439,0.173242224816297,2.45420791799627
"102",-1.88229171909355,2.17380119052013,0.325221477191274,2.52306893494629,-0.492283541709734,2.09062111133111,0.19752041458627,2.53496653208043
"103",-2.01794382575118,1.31774184986353,0.261022522422366,2.56684074991226,-3.13874838177787,4.17629299795514,0.437247267661511,2.34883417520697
"104",-0.0949395833653384,0.987479357096391,0.157213733423108,2.72634006112161,-2.84823071366632,1.94544207558378,0.280964360260137,2.53713584264686
"105",1.37298895176511,0.680804238779908,0.105935947370606,2.82885652290609,-4.63972173053311,1.18242764469691,0.342723211051572,2.67147200727437
"106",-3.21467761502629,1.17045362347444,0.337971512795772,2.65985263632336,1.77606807570475,1.37977933016368,0.122503845651186,2.70740360220676
"107",-2.38975722511516,1.5313358463271,0.307369682776581,2.59763659348599,0.108973013952628,2.48679999335098,0.199073229002438,2.46192107259389
"108",-1.93607146379145,1.17585141696494,0.242062932946996,2.65934067572532,-1.81585310341641,0.692639812291804,0.138785184598368,2.79793534500975
"109",-0.866245962173342,1.43288833885898,0.215700488525908,2.60057455689447,-1.25957412986929,0.724028551323398,0.129849604687684,2.87864680279448
"110",3.03478271363178,2.23144441227601,0.158065188444518,2.4960149350849,-3.32309037316745,1.11061027035909,0.234740891230073,2.64728355787041
"111",-2.92046570665877,0.991524434477006,0.284883842169041,2.67934218813831,1.25619625450232,0.833416192412791,0.10066643650025,2.79157847907249
"112",-2.035179124662,1.0604082881382,0.235074076426988,2.77448664424587,0.230653130762951,0.940539436849414,0.120575916474369,2.68588966743057
"113",-2.71145756530669,1.25320044835573,0.302206427678588,2.62027754750567,-0.412736400982001,2.20253530885436,0.200558863052496,2.45346237543307
"114",-1.31747028614593,2.64558576199765,0.31903351748031,2.45463300829379,-1.30505786049671,0.703197533492999,0.128862449067941,2.81376633766517
"115",2.85820908042696,3.47865191722575,0.201112835411937,2.37361810355868,-2.4042785605768,1.02594716780896,0.187286148624979,2.71423167354386
"116",0.639988489739866,4.24240949383076,0.291919515688675,2.38074120031893,1.17308256365627,0.835591569237184,0.101730073146242,2.74657815871601
"117",0.734651678837987,1.56336741035618,0.174863597861368,2.61517625569061,1.72726465189336,1.38974746189461,0.123574521692081,2.56983858316386
"118",-0.302726619581734,2.21178591620249,0.243284642200553,2.48222856575164,3.59890077702184,1.22944190509484,0.097165909991874,2.57699969041976
"119",-0.520692055474343,2.67271870230061,0.277324172337454,2.43853463934413,2.4030507616126,2.78596731986065,0.163389809267781,2.47147683535611
"120",1.71996850835093,1.92801129535987,0.170670427831433,2.61023005221463,-0.714923418166796,1.46158842382351,0.170333727759076,2.60508611697437
"121",4.07892841849485,1.26538788694973,0.10718703040965,2.58777668862082,0.848298058507095,0.588059988669476,0.0885424267181378,2.77982584667704
"122",1.12108842321444,1.40506201603377,0.157274349832018,2.67330126465013,1.80468265835871,1.42098469537148,0.123949705851218,2.63157424448042
"123",1.2774517524555,0.966200108461464,0.127769086224475,2.75506587521006,3.30467641527659,1.45270396339031,0.108415882261612,2.62344034810678
"124",2.19760976371478,0.938998377208584,0.112501748079263,2.72390588884169,3.23837001188488,0.960772820654581,0.0886977742721484,2.67518955038046
"125",3.89457946974286,1.78239263522686,0.129487747359437,2.55969933154253,0.739967745971098,3.26107554172307,0.211148248524858,2.38824974778937
"126",-3.74733955834477,1.93386680693555,0.352993176205965,2.45501809576418,2.19834549178665,2.27638938207532,0.156311659007434,2.57370927771813
"127",-4.07403351321992,1.7754854199399,0.368814097508955,2.4595502167662,-0.191221785219685,0.972537310199904,0.135784945770463,2.72041334447673
"128",-2.45422767602263,1.08794473774965,0.199333585847812,2.5583365060534,-2.39034299404249,2.47029662699887,0.310393124940272,2.48706821030168
"129",-0.450324740450378,1.57020952196877,0.173159432914211,2.37091567908041,-3.55595001052257,0.936079058684018,0.248205400123513,2.6858108470856
"130",0.458222559346554,0.567599199031802,0.092496148566386,2.80349931791543,-3.40970325771773,1.62447216731203,0.315148615724133,2.53403239239749
"131",-2.07270816881222,1.02452539572878,0.180291260997037,2.51943435472086,3.4952036510473,3.30713163472004,0.166090215816525,2.36042590512277
"132",-0.906647819755078,1.15837480557805,0.158737365565325,2.48101016410118,0.302666668175127,1.94005041691887,0.179569497889189,2.48747509177729
"133",-1.27494192507427,0.954312430432072,0.15235443707802,2.64289714146323,-1.63704639563866,0.640190060031351,0.137549953743378,2.85541444691814
"134",-0.52823154799176,1.51473069940105,0.17192376138822,2.54821844915372,-2.86115923670502,1.41099974733666,0.258633089253672,2.63877736850318
"135",1.61897162023236,0.803764893079699,0.0963402563586607,2.73832321062461,-2.98695222995645,1.72537548224336,0.294051418417747,2.60283084682839
"136",-0.976140260408556,0.573774428561992,0.112875418324926,2.67188845624324,2.5315542126123,1.97836195532331,0.140858034965242,2.42939285661017
"137",-1.08660818593385,0.550145474010478,0.11237665780404,2.76673408763577,0.10858966484941,1.14574478891721,0.141538512733191,2.61787197650843
"138",-2.19002088520628,1.99572765161802,0.257001124317501,2.47761940973664,0.619249172175572,1.32207370342257,0.142423160511527,2.58498435049665
"139",0.0684180548856734,1.76249009160539,0.171184379970768,2.44649153679121,-2.24023895775571,2.22068052285075,0.285820706042476,2.48066527548841
"140",2.68709537361108,1.40155629653316,0.114119412344849,2.49333184365311,-1.40364524551806,1.61915735902617,0.210312561742722,2.62551300744824
"141",-0.209467300870312,0.693461734354963,0.111367676387095,2.64336114414164,2.37934960012703,2.54722575572381,0.16230547751538,2.40692130276839
"142",-0.897809661791153,1.50376861330889,0.180625633650787,2.49258431963913,0.186534923805234,1.11181860119949,0.138004869119758,2.76269553935414
"143",1.12630458946746,3.22581054768666,0.203791437967583,2.29225935322135,1.095596775661,1.01665751750486,0.117935019748439,2.70408785169389
"144",2.92050859171905,1.00175638793214,0.0943565512115728,2.59804100821837,-0.810912981444266,1.15374926974834,0.161691491185541,2.61258158752272
"145",3.14193193464919,0.501083469831082,0.0653692820358778,2.81720215987092,1.15568327816697,0.818866093560941,0.105104265104754,2.81461130354576
"146",-1.76749670604796,0.529164853333187,0.122890439380074,2.74270585837383,4.08756130613042,1.54110023266932,0.10756021933706,2.61336220375106
"147",-0.0700974331626742,1.78235327914119,0.175276869968579,2.4493179863156,1.60690007089262,1.01031837716375,0.110932500709773,2.74548226499931
"148",2.44063151872418,0.870658275936303,0.0921341372299079,2.68194884366731,2.64109430066773,1.13514896199426,0.105539968800081,2.69773983992081
"149",4.35234282567966,1.06676474024571,0.0857897522123915,2.62399098493502,-0.894850989621918,2.46792481355456,0.23950791541551,2.50150470821847
"150",3.89166831477657,1.98391024399919,0.121648405053087,2.54193569336374,-0.0263050319547949,1.35624024317756,0.156788965473122,2.62554717021136
"151",2.86425309517646,0.925331357719272,0.105258410257025,2.69061264719314,1.71968663823217,2.45771437668429,0.136399938742738,2.391919677797
"152",2.14940714730958,0.899513020081393,0.112586119724209,2.6697540979186,-2.91218345612486,1.77044064196587,0.193916465177086,2.46388245174437
"153",0.917321454768207,2.08181874184837,0.200620979723343,2.40331273333102,-5.77129347771158,2.43631468795354,0.38997377818392,2.45953288419495
"154",1.30190964821165,1.00392334150406,0.132245508164968,2.65453809134365,-3.81803698533928,0.891370576216917,0.158522988499304,2.68791071705119
"155",0.614646577974839,0.53305078981784,0.105977186197243,2.74345223271616,-3.14725119685538,0.819008026108217,0.136570575253968,2.72105264631276
"156",2.88877168523113,0.826676283877878,0.0992229876267933,2.74262067732201,2.89965056122017,2.32983680428611,0.120439270576653,2.45765711699513
"157",2.08416580017411,1.43952137961765,0.143537954339526,2.51370552034255,-0.713198203768038,2.54017362047675,0.175903707710269,2.4001619259539
"158",-1.51258560867511,1.03657821723824,0.213801167402086,2.62085790752923,-1.40472537689898,2.3810145735271,0.184375814239837,2.42095347437602
"159",0.0108869033469995,2.02107773740937,0.226179054256062,2.41900748024638,-1.48593692051995,1.97737338236493,0.16966886027221,2.44033235044787
"160",-1.55573480746561,1.77330540842888,0.282198000883912,2.49557138663048,-1.63499480150339,0.524321009932997,0.0889689267297005,2.75634935319775
"161",2.68109425623262,0.63898032492741,0.0892574230883949,2.7787157545488,2.51809161998007,1.30345350363574,0.0928815165531295,2.57105121014318
"162",0.375777485162242,1.84698073551469,0.204354731269632,2.48213234537328,2.51289717244279,2.46778664940162,0.127855348160811,2.45542506588861
"163",-2.73585506885763,1.64051543375594,0.361943303192721,2.51242375794173,1.94169977203894,1.0761662459757,0.088548074901251,2.58625520817552
"164",-2.45129425082832,0.485049157465142,0.182160210461715,2.81212009406566,0.750202855549422,1.52433327922046,0.117316554182072,2.44119442640008
"165",-2.9882305701814,0.560537950937754,0.227816799896571,2.82381991712625,-1.19723848101567,0.642563728844547,0.09346419123865,2.76443246426657
"166",2.34827235882185,1.35579142994668,0.135034375197088,2.57959849588809,1.00591878826937,0.826454788495393,0.0843339421743022,2.70160195112221
"167",0.218006536334057,1.74436609306337,0.203422759013874,2.56215385766914,2.05456340415792,1.04249612705077,0.0863202767832798,2.6863408892891
"168",-2.35564205070355,2.04880571995021,0.365240951463387,2.47851338630755,1.53465469172664,0.640585069213946,0.0707759021008001,2.76099760517356
"169",-3.07975883934222,0.6352265935725,0.249467900533364,2.81939961593435,0.408884694875922,1.30539127196001,0.112204004247297,2.63585060082114
"170",-3.54751101315624,0.819786349800999,0.332009546859962,2.6956808515414,-0.573566275427987,1.38399118616426,0.127869843477788,2.56555386046318
"171",4.01791615665505,1.47672989918155,0.11806708876914,2.59695348634717,1.23046060912648,0.438731990639127,0.060192039886233,2.88668921390446
"172",1.58682796715792,0.70692491340001,0.106951048044638,2.8218874939389,2.5528678039584,0.714313153385434,0.0685644314512261,2.74276328950794
"173",0.629381327410679,1.58634917963206,0.182431405641736,2.46212965003235,1.57523392079451,0.762402551724512,0.0769366984156747,2.6395018197822
"174",-1.39389302290165,1.20295252741787,0.224719755049988,2.49026104129331,0.168280928132889,0.412547316260444,0.0646040725525186,2.83583406043355
"175",-3.06813316785533,0.617337472839118,0.245038416246364,2.77583139745166,-0.214668285340612,1.65449150810224,0.134559431860458,2.50869387968296
"176",2.1516464969401,1.06780964138986,0.106662813146684,2.55654758100497,-0.793346032235511,2.13217499780051,0.290351785284333,2.43095443280577
"177",3.43813833725356,1.22923559248494,0.101026046906705,2.56018904032245,-1.70688112475055,0.558311719170414,0.181557004499668,2.82008665639151
"178",3.77669200833406,4.27018186856572,0.182660171695948,2.2275878735774,-1.21017491037507,1.15310729551752,0.2328218217036,2.57957782636532
"179",3.10981198000522,1.02038845840756,0.0948832996280825,2.5572495621242,-1.34539701459366,1.5804788723021,0.280805920194845,2.53550793221391
"180",2.37309110508504,0.881451329237299,0.0947436459910811,2.5437953696095,-1.77723102398053,1.21689958918535,0.272703006345556,2.58966231395919
"181",1.56100123413465,0.968142365509373,0.108157027670076,2.63253014538515,-1.84820607869656,2.97586888908897,0.434067279270917,2.36251363832446
"182",1.79187596599893,0.926094685564511,0.103164132216542,2.62012720200517,-2.26762662182874,1.06496956197436,0.290305853356271,2.56143973077074
"183",0.959675371524843,0.665942284566251,0.0960511558376211,2.78116401659697,-0.617001470618503,0.9048258852827,0.182737600526891,2.6254795712043
"184",0.333112411896655,1.03660827889289,0.129378579736418,2.59403503271098,-2.96381139825019,1.07165197845771,0.362138022234296,2.6344778961759
"185",-0.339215946554499,2.09186381265248,0.200958893080036,2.39985621431774,-0.628933676840217,1.31695635853881,0.220967176034219,2.64887092162536
"186",1.47552563289415,0.832476885226084,0.101244396639674,2.60354701216554,-0.447473795915194,1.23892746770886,0.207085575298812,2.71638515974349
"187",-0.740389489066224,0.762683754641247,0.128505444008217,2.74175698613523,-1.01639762491981,0.894190923468531,0.196757135891439,2.70159077206403
"188",-0.683886796530734,0.989411938712784,0.145158337406741,2.58249723237827,-1.60712759523931,1.19276408456317,0.259090139056707,2.59726265491193
"189",-2.76705474658594,2.4193397930989,0.326132743322915,2.38518752152936,-1.88867957960878,1.24939574152937,0.284148730228077,2.6092565025089
"190",-4.26819239980334,2.12946986986702,0.446511880567485,2.42036542256393,-1.69384936691943,0.797730952298421,0.216336522026206,2.7379873292217
"191",1.01383549425509,0.496433617592925,0.0824053018473275,2.75683424894138,2.06692141230801,2.24139468636098,0.189766313170017,2.48013749283659
"192",-0.681835358334455,0.943651771520943,0.141719396901258,2.60595146842975,1.0116126498252,2.00079717422854,0.206978527724714,2.52462108167191
"193",-1.16789627632385,1.64220054607494,0.201223747286839,2.4563244701205,0.105564195687713,1.72981088284638,0.221867254531037,2.56308476421794
"194",-3.47678291606342,1.77220707836566,0.327927411248285,2.4285549443744,0.810301148965928,1.09414263795669,0.15770521931106,2.63211489853818
"195",-4.19004927067864,1.06608866130844,0.308554545336249,2.57994994048038,-0.0545879856260035,1.95322717273358,0.242306316318404,2.44633939827032
"196",1.15738268769589,1.27298199080095,0.129779155923301,2.60965454028919,6.00754671753783,1.52928776518192,0.104534958748076,2.65087469340721
"197",-0.729535569975943,1.00306358649379,0.147136508638517,2.61793420398751,4.14812941936895,1.27021331375303,0.113036784546642,2.66559915430201
"198",-0.27417976765544,1.3334092546629,0.159006700127835,2.51526586245239,4.30460255010261,1.39248437237688,0.116523610957147,2.57669388930041
"199",-1.52422265177209,0.771473815777755,0.146094062413635,2.66407504472848,1.75554632887074,0.784327490881775,0.116868313798176,2.71489053598526
"200",-2.29854753667365,0.879831937350589,0.179081576195801,2.60958188820911,1.65650087773107,1.10673325084946,0.140664102834575,2.63743052681577
"201",1.37646490578593,1.79645777199291,0.135512533830809,2.4839683458878,1.8834457776478,0.849930133424466,0.116086574466697,2.60491083208152
"202",-0.659640307439733,0.747691102929953,0.110086683589987,2.77610898341613,0.779695539282805,1.14420227299407,0.156433578600954,2.6045135255818
"203",-1.69854870893089,0.649931346615562,0.118282698583888,2.77453085035812,-2.41870259567489,1.12628296556823,0.291597835801998,2.53016727606667
"204",-1.743630549554,1.41239167276226,0.175528316477441,2.55693718585407,-4.19863135167069,0.503436831922821,0.381561105844613,2.78175177787791
"205",0.540188044377968,1.23890450004308,0.122929448032778,2.54798744119802,-3.76656778043993,0.447711725196631,0.291982898486562,2.88829526203121
"206",-1.41146496878206,3.00495121612337,0.244055248999392,2.35453219155637,1.14674551367849,1.03019420891132,0.140873672811455,2.53511934882471
"207",0.961554476932181,1.43444710540991,0.126393506338315,2.54139038828861,-0.0390010836142773,0.96356483477358,0.163080846074805,2.56930671175234
"208",-1.32026615739981,1.38539928325362,0.163612377548334,2.57771956654451,-2.86046502226144,0.998390578001556,0.312471197503426,2.5925559207715
"209",-0.812530150900733,0.771489854558425,0.114044842561468,2.72444098484391,-3.51594987674745,0.672266622188674,0.322518991256463,2.70610502045788
"210",1.20948224720165,2.44484189246618,0.160801841324429,2.44338672817195,-3.08724661867668,0.719567976092407,0.285523900823733,2.64586928607029
"211",-4.58579814696408,1.01071476227511,0.255911294333266,2.73801681266728,2.7291456232625,1.10411889535873,0.119577927330471,2.67239897575542
"212",-0.556644935433684,3.13871850850795,0.222634321467853,2.38052352234807,-1.20615514877222,2.74040057611243,0.341180092741186,2.36152526435418
"213",1.53563293513191,0.922230720297439,0.0955558882874198,2.55801910891203,-2.40242316848782,2.17934862937073,0.403817952559437,2.36726499813064
"214",0.54665073081622,1.39195879875785,0.130208800071666,2.54179372720507,-1.55772471858917,1.61446824680139,0.282330600702304,2.51416148935505
"215",1.03392645709068,1.09167504709371,0.109427089887033,2.57535944745046,-0.188491495262969,2.24637606679959,0.255344147387977,2.43457450945258
"216",-4.70996440003185,2.33251483210466,0.401453793272114,2.50153159753821,3.24404328888068,0.540842084813148,0.0790584525193816,2.78434251009415
"217",-1.23961800293288,1.47767191466047,0.167099879276436,2.62485780178921,1.57635001728026,0.854980089841011,0.121114317654685,2.61299314882998
"218",1.18929914120151,1.30584187036503,0.117764204342129,2.60050554928068,1.24684131593866,0.835324442371568,0.125113994775545,2.64625044227003
"219",2.93707139744649,1.59397006601164,0.110251194823308,2.53018050524914,0.709608587493823,0.747154733201587,0.127719808551327,2.633696774486
"220",4.36707078540406,1.53709538173321,0.0962473922171244,2.50160088876398,1.09655157372723,0.456652717411316,0.0944494552783724,2.76142456047654
"221",-2.61601692540842,2.38431804850562,0.261792914220867,2.46703555048131,2.63783761475927,0.668081454661506,0.0939926979510448,2.71816647803715
"222",0.0536692762956812,0.766024700001902,0.102151430847768,2.71116084308689,2.08249612046389,0.612765279598979,0.0961582174925925,2.71447305673107
"223",-0.382496927803774,1.13824784106278,0.131199622296169,2.62722040713866,1.75269230962524,0.686630949900721,0.106086946017533,2.74161631281603
"224",2.40853662512488,1.75300189612274,0.121215041459246,2.48321255343361,1.62715012220558,0.625001135511678,0.102867378038258,2.72281937789636
"225",3.57707315877266,0.888074609444043,0.0779380953508951,2.69789015492791,2.72875545595128,0.915544820765135,0.108893558190569,2.56076682983908
"226",-1.24868317237985,0.766829732527342,0.14456510257845,2.78952849753544,-0.754008981650558,1.49204249835733,0.165057347643832,2.66682862997574
"227",-2.49198058309725,2.21009802537358,0.308809563920886,2.57445399118202,-0.46528699433548,1.17066285282108,0.140714433908506,2.7588929289989
"228",-4.0794582674705,1.23224937941357,0.344033942274773,2.74959270236228,-0.788723464617497,4.48677591998402,0.287576553798619,2.39133216192063
"229",-0.582108016358789,2.86707106953993,0.251821817710802,2.47204051613772,-2.09455441242346,1.59483301951909,0.208398576435457,2.6648576231482
"230",-0.157302811866208,0.683576297672759,0.115654292379099,2.8647196611229,-0.999193375631627,1.29462732683734,0.159019030518114,2.70171069977054
"231",-0.480418850332378,0.728952428488219,0.125084901000818,2.85346553189257,1.59150672816064,2.1921729141441,0.151919786901744,2.54271296101179
"232",-1.84142998453944,1.49044120085437,0.223406135500483,2.60339245214605,-0.466881008795695,1.36364229699943,0.15190182884649,2.67675529197371
"233",-2.55247367419402,1.15543504571455,0.226125523115369,2.74639877285034,-2.50861758802614,1.09070489303251,0.184981414148058,2.80178719266385
"234",-0.77737211267149,2.565140172799,0.245317389562381,2.48022435070987,-3.42392476577208,1.68390648285908,0.274316885680457,2.55669790926981
"235",1.1515852867425,2.1232806944047,0.172287285267636,2.46377734764358,-3.3934000229867,1.1863477388218,0.2287737362625,2.69159723399392
"236",-1.07251407882936,2.26879938241131,0.241635930576276,2.5506232014906,1.01835467365785,1.46009019626092,0.131731368318585,2.66284782818185
"237",0.439625921611607,0.92608229277263,0.124240675398409,2.72664679865463,0.601768156574067,1.45695167371567,0.137850256315151,2.71116414971723
"238",-0.34760531123877,2.47174972714278,0.225937446091457,2.48961583587985,-0.45014995485987,3.7439183157904,0.251149193331766,2.49326022938651
"239",0.0668462287029032,1.71206657358246,0.177468163143116,2.64990032859698,-1.34321304443778,2.15148218388208,0.215350019931565,2.57703442550405
"240",1.57711011299919,1.57564507127798,0.141305887276548,2.64415593770782,-3.62309784632301,3.24809873830112,0.397731369626841,2.52576388155555
"241",-2.42564959012344,1.3652250139361,0.239410956679265,2.62012841784392,1.36826499955245,1.02395472042824,0.106262747404143,2.75928470765236
"242",0.0424275422393625,3.50602126986628,0.254805118427484,2.35189575050697,0.716334040668061,1.34127748374692,0.13055661098319,2.71160551782462
"243",2.09525780421008,0.96353766683072,0.104410627352469,2.76401532334142,2.61260835931009,1.33476836184072,0.107301839726557,2.62311709807635
"244",2.59491600741339,0.648397901587823,0.0813283439079982,2.75562745055309,-0.175095521596777,4.52411674531396,0.266563618033919,2.3620652995278
"245",3.35932070755668,1.55502271529779,0.116920645600051,2.68102106439151,-0.645286656254108,1.78180317537061,0.177762501344308,2.62691296055367
"246",-2.00887437611894,1.85339325438924,0.257002284324629,2.56719001438621,2.17645630777915,2.65301443796738,0.157664065562036,2.56114590702636
"247",-1.30059929187597,1.33270494885811,0.192229152802362,2.70258985401953,3.99653208030396,2.86387969943286,0.139273067841349,2.56947901468903
"248",1.67805505686068,2.68696312965109,0.182454507456551,2.37360310842045,3.75076282656455,1.56741207597566,0.105161214022869,2.67494679997847
"249",3.0448914875317,1.60381979608435,0.12234794687537,2.60320737632606,2.54422647913437,1.7534581407226,0.123771010821356,2.66047127763501
"250",5.31643396522823,0.993540512868516,0.0789672367674181,2.75079440640009,0.754618986005456,0.959472904153685,0.109947557591724,2.80534514637094
"251",-2.6566283453191,0.705558072549243,0.228024093909636,2.83668855207153,-0.216045961585285,1.32859245753361,0.162594336650491,2.50644268522715
"252",-1.97125211198257,1.41146649513558,0.27192209177654,2.658478135357,0.274144458252076,1.45417184705885,0.159103562140925,2.46031842501508
"253",-3.19904904584166,1.24263228390742,0.354864972744505,2.68772476256722,-0.39042194928193,0.583895662891633,0.110507922782917,2.75940461116161
"254",-3.124650995317,0.884520143264401,0.292468976329617,2.78862021613289,-2.06211614282408,0.752196697559986,0.165418557649806,2.68643827630709
"255",-2.86206403666748,0.893440473305644,0.271749503249064,2.74750282753712,-4.58017135858286,1.19045756284902,0.400401898876574,2.55613655892105
"256",-1.82601108767376,1.11628536202596,0.234042324902123,2.69603199200708,1.89249538207367,0.542081123554186,0.0800490448193221,2.66731420174302
"257",-0.0421120372170039,1.56004818306098,0.198312742730269,2.50556267229689,2.14802040419562,1.38229923866278,0.124372453761199,2.52168963229449
"258",-0.0771157988230482,1.86263268201187,0.217904220485358,2.55973777228355,-0.410370162384615,0.671063895825584,0.118812581419817,2.66259643940798
"259",0.964065370814504,2.39029064505252,0.211660823163264,2.49628562490677,-1.11305224409131,0.525993429019145,0.11712601167338,2.75824780454579
"260",-0.659142958478565,1.61575989042858,0.223742532286216,2.60876634997422,-3.80900329032436,0.876846609077294,0.267839074332714,2.66572821331584
"261",-1.98498749596928,0.799383270634074,0.205283575558917,2.7905264861751,2.26041676881832,0.522247024057918,0.0755488619558442,2.73214105377118
"262",-0.150646930607944,2.22752993612304,0.241125227953657,2.47534227056315,2.25952886957836,0.462780448623607,0.071124259082228,2.72936601185845
"263",3.43455957488761,0.858172369605961,0.0947708887861739,2.843148694328,1.83079461372384,1.37755002892947,0.128469759086077,2.43618555655929
"264",2.61041876469772,1.46649520672286,0.13529460061386,2.58556355778973,-0.450256767442002,2.14008420880935,0.213410429302884,2.32161042804465
"265",0.416382893815849,1.71578526427597,0.193863187965721,2.54013456407576,-3.18947054936795,0.435419863051017,0.160329737006289,2.76981359144177
"266",-1.21053145993757,1.20465832693391,0.213959106648048,2.68462556488617,3.25026941702445,0.706117921163164,0.0796092823455533,2.53296430256716
"267",-1.83005436884095,2.87513577616382,0.375945698752467,2.42543164685453,2.21805018987967,0.976812863101599,0.103782331061614,2.5260423939157
"268",1.17872255832019,1.24950871752308,0.148664042941538,2.58566192462303,1.78857664434464,0.613797690375946,0.0861531994682071,2.65602082074764
"269",2.78479221069529,0.750306981922943,0.0949249379667149,2.74302012745077,-0.493261375962355,0.934304927718816,0.141898462553986,2.64331545981979
"270",2.75922479208826,0.910227724701875,0.104846612105886,2.77353943525789,-3.03105856520133,0.51057856612256,0.167181774029958,2.78495670412491
"271",-0.868744536301701,0.716200194351216,0.154668981542471,2.85315877002595,4.14280713767369,0.745178298227953,0.0754054342427891,2.52955619956755
"272",-0.35370151686125,2.25799867010349,0.251002934052768,2.42265756790136,1.7931356817149,0.666679011645967,0.0897427766525863,2.67633849407191
"273",1.10560969528627,2.27538447439545,0.202585001798647,2.45559773694906,0.328736669203455,1.66515660476108,0.169037338016713,2.43601996138387
"274",2.99379402883675,0.734561121891608,0.0918205585972068,2.78210409566812,-1.35228773739366,1.26637428053221,0.189041104822886,2.47990842411959
"275",4.56912283639642,2.60492055021984,0.147942811730393,2.51839583399173,-3.089460132041,0.485923844562656,0.165354843198479,2.75122678988039
"276",-0.375091471292744,1.56206632248086,0.197083407856192,2.64862228187319,-1.93750544138664,1.15872196003516,0.252527295286578,2.63245390467276
"277",-2.11081890478734,0.99634664608294,0.216716598786463,2.71126269708079,-3.59710826496611,1.13880128299704,0.409957925733071,2.60283093188212
"278",-2.56147334643261,0.819983752114369,0.217925241474194,2.79288316068282,-4.28112005368655,0.733052992038917,0.446150219089603,2.6743074365401
"279",0.216439681734733,3.80104022834737,0.281203719944157,2.37646530088359,-1.14162047906713,2.28758895114118,0.298994277717203,2.5768341223191
"280",3.50904222142137,2.21828498732432,0.14565106997439,2.5564267033824,-2.62541489343512,2.55672389913565,0.447296459945603,2.43141034875045
"281",-2.77010142747097,1.48316500791443,0.308582570067902,2.70804651931365,-0.659625647155637,0.933740605756683,0.174405663670582,2.69160672420193
"282",-2.90232829779463,0.728890123129558,0.223824497568222,2.88390139147463,-0.481416003536038,3.00134663192185,0.302939959829142,2.40749408420044
"283",-1.29315350069215,3.41907492361843,0.340934269995421,2.40691313927416,-2.29392194337187,1.70819388683364,0.334586656660683,2.48127889204919
"284",1.67608509416913,1.31770898120891,0.136773974537548,2.72760910971731,0.33775073522849,1.81789186352532,0.20622641154919,2.5219123437486
"285",0.91895043335624,1.50266468643893,0.160540570243366,2.52300796055451,-0.398597840421084,2.06622867899402,0.247766962211645,2.49748431673582
"286",-3.5197657458607,1.74866602026995,0.413636876723705,2.62523292036279,-0.24714356852404,0.734715406287987,0.143986464126398,2.77552994290279
"287",-1.81371388625039,3.87204019272974,0.401336770783317,2.40475844532157,0.136336769889418,0.653502584434079,0.127577374910055,2.8683771610464
"288",2.18259754918117,1.16910525062625,0.121498496924485,2.71170437291124,0.262332043157392,1.34776766988329,0.179641526025523,2.64181042225287
"289",2.63517765937726,2.01326242892383,0.15172292737202,2.46890782172173,-0.306172953493892,1.31336731549941,0.194438871413924,2.57804380913944
"290",3.49995865780399,1.16504429639655,0.105648220183658,2.74841607839246,-0.599870464265095,0.677686652079903,0.146995184624428,2.75038510146227
"291",-2.19916116712196,1.58924084814416,0.279056809921963,2.53096559225191,2.05337359607414,1.00410313867522,0.121408374275734,2.71252294430713
"292",-1.03429309495064,1.31085016280571,0.201485559917632,2.68902719526245,1.56861542746848,1.48257007129378,0.156730823187107,2.64209277410797
"293",1.25604788208465,1.55889667297001,0.15660313131935,2.58879463897104,2.91596486313987,0.76344210236685,0.0958467187043409,2.79739340895467
"294",2.38590203857638,0.593371673147587,0.0846248048527963,2.94940689424287,1.73115829810407,1.26695472667213,0.141917041651581,2.5723801534256
"295",1.34020022833516,1.94830831468748,0.173244982604159,2.58678510053107,-1.62590473431697,1.61631668709156,0.277934051169097,2.54263636388476
"296",-2.89481728533547,2.16530065370065,0.385018277181473,2.53530349399842,3.39283564565672,2.20450833317423,0.154775107027846,2.39041070118836
"297",0.630250509334538,2.97055691070382,0.234591145120552,2.44898077795119,4.13358990140499,0.778309801064342,0.0853724663117328,2.84276447534958
"298",0.804340561091915,0.731545829088471,0.113721514350519,2.82174823796779,3.86628581144402,0.602319600732822,0.0770968883384021,2.71263590244079
"299",1.78815769675282,1.01095109609765,0.118221874676246,2.73448635486526,1.72691421089285,1.97114272937049,0.177110982637544,2.48494220370723
"300",0.631567914770244,2.20702835750118,0.202170956395472,2.53637302097142,-1.92973501483423,1.50948750538333,0.287701756623317,2.51483367229019
"301",-1.00115734378134,1.44082132019801,0.226705692773823,2.65172228186495,1.75779023374808,0.976327883937692,0.118435272146261,2.70877245538311
"302",-3.27831625148905,0.618893286883837,0.260706853390639,2.79744577847805,1.14611497499699,1.08084770796284,0.134472732192367,2.63812990606124
"303",-1.93686644891161,1.90246875833225,0.316425336629963,2.5155856676744,-0.125255103945425,0.981538806954466,0.153366786647612,2.71901654729801
"304",0.829733293810815,1.70359799328204,0.183173119003689,2.47334852134099,-2.86236732710185,0.769369146310055,0.235616099272796,2.68661702482483
"305",-0.400661187080521,0.969428952861221,0.167016194328563,2.72670236941306,-3.72706997858828,0.541874864771371,0.257562109830294,2.83863347965287
"306",-1.77197918196316,2.08092292016706,0.318871422692584,2.51200756899047,2.9333682344424,1.37306022836615,0.123105514035463,2.52785298966716
"307",-3.06461791225832,0.635161131816835,0.246644093894985,2.84699202756126,0.805789642976601,0.684466798252784,0.111938424053418,2.70795133031925
"308",-2.47808807050881,0.736500611037937,0.224789024661588,2.72621103943576,0.0646079843075309,1.0984005299206,0.1576077153084,2.62532293539183
"309",0.165935695258902,1.98587974634847,0.218083285184818,2.50759416184184,-1.76948711269137,0.914432194013107,0.198574622198457,2.6392981870413
"310",1.32860652957756,1.3717872808681,0.153614844788101,2.75448770986074,-3.81839380402772,0.845164849112226,0.332282066756683,2.71960054334923
"311",1.06756459061336,3.90834594241763,0.268482443643805,2.34031488601545,1.96582077459623,0.934208560448117,0.113033920312752,2.72425398060523
"312",-1.52244991466623,2.90393846029982,0.356996353745049,2.4558645345737,-0.107808809823119,1.16359608134257,0.166535711095298,2.56340957028694
"313",-3.1829104793595,1.46059062877492,0.388231143381887,2.57773875948606,-0.747717224477274,1.13711258005068,0.182676716199046,2.59175868762053
"314",-1.31097770525573,1.3978543195792,0.237178283008435,2.71806848804979,-2.2587854329412,1.76906248102646,0.307434782695497,2.54200890767937
"315",1.05703361130459,0.738840985763052,0.116900519954418,2.73758617053143,-3.29867977095318,1.39973007101809,0.359996605123248,2.49017286829605
"316",3.86489570065551,1.28990753900244,0.1117770716542,2.67421176111864,4.10132921838347,0.951827334302673,0.0912948488802486,2.68742751354699
"317",1.06616145938837,1.81140749886249,0.182814331246064,2.5753677176396,1.66503930258223,2.06180942348608,0.1740454688267,2.45376182812391
"318",-1.97916560188431,1.90034948813989,0.319347950442492,2.55346529747699,1.37133646656398,2.05899462200395,0.180346924289628,2.41801609709188
"319",0.523628871669883,2.18703940106422,0.216858102967464,2.55110997604478,-1.06868865383322,2.1980333719269,0.26875720321686,2.48200171697297
"320",1.93989261268898,0.448801198881502,0.081343532575421,2.9195965866393,-0.924906883997382,1.61932701851526,0.224820369458251,2.63459181356806
"321",4.92802557010766,0.785496303953095,0.0789638548999341,2.86564724457561,4.05902482402547,0.79780663298091,0.0839148191640324,2.77965706880239
"322",3.39385931545161,1.25431954119384,0.115582562081081,2.69781460064091,2.5176406949616,1.12412653463957,0.116475664027419,2.64978615655421
"323",-0.621484739375756,3.34155912844962,0.322148068028222,2.40928948276524,0.442692267315293,1.2790516327824,0.160925482637819,2.60495825959417
"324",1.60377335005385,1.65180059455549,0.162693859896619,2.64796993475404,-2.12762986953678,1.75581178444227,0.297269300934793,2.47493316225955
"325",0.779564235953276,1.28450730933275,0.160182479023527,2.6218667379846,0.00623535301696804,1.98385224386081,0.213688392108822,2.43911936534219
"326",0.161432622544165,3.00945619685957,0.282128909390331,2.28004213852597,1.4349225865834,1.5800250863344,0.177407686436318,2.47863790289527
"327",1.41050433559048,0.560095191037561,0.101162392626013,2.81614546569815,0.813016364698035,0.98225136468939,0.153337812256213,2.58370155608838
"328",3.06063217958055,0.943436972203887,0.10734943416842,2.59876913962942,-0.882490935521136,0.723599140903016,0.178410808041865,2.71686661215591
"329",3.54156917099332,0.624785768234365,0.0829501586999434,2.78087072769317,-0.920709281790861,1.13613264624764,0.225362618792314,2.49943102555304
"330",4.97237495404558,1.14059072212321,0.0974453625601905,2.56525286212116,-1.46754542237067,1.128285158564,0.253943317415859,2.62423019093494
"331",1.28867768819589,2.49627564649124,0.217142969058282,2.40196628375667,3.02396965504963,0.634191083958075,0.0918062391696721,2.6664702171556
"332",1.688425086056,0.451357263461937,0.0875250046870785,2.7897245907098,2.76201961898937,0.436444994459615,0.0785314993325462,2.80943096500172
"333",1.96950156953839,0.469037987234843,0.0860710544895823,2.75810307673199,0.877943606556975,0.564935397518316,0.11513211004719,2.85316675318736
"334",1.53195113773026,0.867364616021122,0.123856104515583,2.61716795988544,-1.39801771144147,1.67901194190261,0.304715612916681,2.58615475579381
"335",2.59550712854686,1.22079166236686,0.128731158039896,2.62705612787213,-2.03955763089469,0.574818994200625,0.20996995783787,2.64477702395588
"336",-0.724504184556797,1.40812620869783,0.22547148989773,2.50004036316355,3.89748982925303,2.54658356207702,0.167136621018245,2.35061821593452
"337",-0.87282597466436,2.16359625565209,0.287590232057864,2.37336300157676,1.63221072459657,0.740484083454343,0.118160095909117,2.65097746348511
"338",1.10796992351487,1.31206822501087,0.161435824054627,2.50053325810629,0.696685715210635,0.722099274522978,0.133882609354682,2.63938625868815
"339",1.11415179251925,0.564183526584796,0.105767854124787,2.72025700226832,-3.05743382375841,1.31646561453046,0.442494724288082,2.54239921344572
"340",-0.317451807691137,3.74258643573922,0.341195080071313,2.25862163204231,-3.73198645347852,1.1334355813291,0.554953307055055,2.57362934187342
"341",-1.92480505488899,0.79579406270494,0.219579172903934,2.72775233067054,3.43482434140784,0.995937645505456,0.109845045320554,2.67995533659375
"342",-3.18630058613446,0.652851235266462,0.288449875891264,2.74275443130495,1.49287079583398,0.508101768576092,0.099787997530193,2.690665008938
"343",-1.14216610537524,1.32003283584485,0.237122551360821,2.57733568821399,0.732869111585715,1.67059234635085,0.202484678202317,2.5197065664077
"344",-1.21718109814996,1.95006307758346,0.29273940415672,2.40869007845971,-2.988708920569,0.956497781828095,0.367438380672685,2.58569496786589
"345",-2.33012988365687,1.49163197446059,0.333939272578556,2.47435761813808,-4.06641541853555,0.619951025365146,0.497082015437125,2.74774679983064
"346",-3.07780543667071,0.882282269734833,0.322822183329177,2.60523192492157,2.22123465030654,1.39977834152572,0.150302002962717,2.53022982647535
"347",-1.97782635697231,0.603902671205569,0.193811493003913,2.69714402438812,2.03421859189088,0.63057263065421,0.103334491071633,2.70059340838351
"348",-1.73274466888012,0.506057534066215,0.167197639377286,2.80379292045581,-0.232224871721403,1.74491291740782,0.243800128870327,2.49385016517724
"349",-2.78649215094865,0.610325566947163,0.244062133219922,2.8127573552124,-2.4992185868682,0.575811304189716,0.240805744236816,2.74350797611399
"350",-3.15246428026613,0.462035604495661,0.239765320973856,2.76164954866084,-1.76996653501262,1.05575669173084,0.264790138188862,2.52195796653444
"351",2.50109165126206,1.09421346334223,0.123968584197008,2.73314874113726,-2.05251600017204,0.72975706733384,0.149956631265003,2.653040714217
"352",-1.37301792278205,2.54929251829215,0.349844360065287,2.41156930615693,-2.4026705934639,0.971192485768114,0.184322884739028,2.5548200030988
"353",-2.67440231095241,0.639922666379045,0.245195656451533,2.80517931093864,-0.754307798952606,1.47865481564164,0.173840625424327,2.50661616309013
"354",-3.59345308216023,0.681752124517609,0.352336040381133,2.70749379227359,1.93722310375654,1.91496064232655,0.142861661669561,2.33783943815337
"355",-2.75654380794296,0.440807060409323,0.208760211077667,2.85624340233735,-0.270500080387374,1.41868643091421,0.159263432523727,2.53092154716315
"356",1.03617954025564,1.47367449442452,0.174090794848944,2.49619582183543,-3.47179124345975,0.603015382536813,0.181543892745425,2.75926050478635
"357",-0.834509889594033,2.25961479544453,0.294606997427858,2.42384631638023,-3.91243230205315,0.86038399887257,0.241756774780883,2.6382441058953
"358",-1.89177617484733,1.19789719820574,0.270568566142094,2.46580800753727,-0.941602378444641,2.50927811430019,0.23269089601716,2.3777561835917
"359",-3.54919528479643,0.965037524194328,0.411424777440597,2.57515217263531,2.49178990916614,1.59420361257917,0.123290384044675,2.39827802496176
"360",-3.00915350918704,0.940905099122123,0.331313088883696,2.63174365154401,1.35703928500189,0.95148135906449,0.107117453484029,2.60955476292913
"361",-0.11972581883647,0.501581424718475,0.121746988501179,2.79251013166242,-4.35462264910051,1.00331050659456,0.295073158614984,2.63067309179295
"362",0.55855360892783,0.615799032153997,0.120811877385971,2.72642603142172,-2.42718134026845,0.947921374208924,0.182939850677708,2.58232515397291
"363",1.20349942820312,1.56522405739259,0.17521262764699,2.53025224859922,-1.85398763858303,0.717388675045487,0.143673443112696,2.55477744881279
"364",-1.10322030629247,0.923858789234129,0.198849459679789,2.64328925424842,0.979842253618135,2.20327198928283,0.170046062446648,2.36321444515239
"365",-1.75500606057224,0.650291815470988,0.192832635044304,2.73567851623085,1.3042466227497,1.00319279609852,0.110631145103932,2.50532368655279
"366",0.78059825230098,1.82849728283391,0.2012978923618,2.4647714969889,-0.942192921916713,1.64676440733592,0.188520422330158,2.44765929823077
"367",0.703038082919667,1.22723419489112,0.166839669212317,2.49828944077731,-0.35019993136635,1.29027373524082,0.15352067025682,2.48302971629623
"368",3.59808901650465,0.902580557234075,0.0996374328318348,2.62437973577178,-0.152962869586586,3.44105258499699,0.244200263849321,2.22867391173251
"369",0.0698147686068697,2.20893323892216,0.247430864095732,2.41022221257197,2.36549372887697,1.34342539453544,0.114591730918344,2.51153728601553
"370",-0.857921295585785,0.843118121769536,0.180787055339096,2.66915455401342,2.6819554074135,0.72045254307287,0.0813709781131997,2.59155497488854
"371",2.37508492414942,0.628499124134667,0.0953777982398653,2.77379419572416,0.628570785212706,0.711402229036298,0.100676525510248,2.61270999438347
"372",1.91335488691701,1.96650625806599,0.178633781560534,2.46969228576887,1.23844217130755,0.87641523179801,0.104161764804787,2.55407355883626
"373",4.84022763073368,0.803786558102556,0.083189231618763,2.8410279411778,2.05465301473868,0.555307589073432,0.0760097367861963,2.70346269917047
"374",3.0303752546343,2.09157088086601,0.161278143514026,2.44859221822164,3.4018741781823,0.629727727529241,0.0711637808654391,2.77020446965646
"375",0.908018418134204,0.984615802088159,0.14496553461624,2.64936549308668,3.44583728773102,1.22715152975208,0.0989516100951867,2.52471704692479
"376",2.02548961547666,1.23398647587672,0.115763154121765,2.67434223880864,0.0670025316378857,1.08494409075366,0.154691386905041,2.65853545207086
"377",2.85952884958204,1.05222026555332,0.0983495434796898,2.63406602424744,-1.03285389080261,0.964287306579067,0.174308202340629,2.79510668066158
"378",1.11202676353809,1.7485578595073,0.152299792394666,2.61251072003259,-1.9833958032301,0.640695437302269,0.170921620140077,2.75885531170011
"379",-1.72888723363119,1.214873944021,0.188686542731242,2.63635192610548,-1.25197674870317,1.73245063855862,0.243094168806585,2.55985101463095
"380",-1.83935157813336,1.49604804013014,0.213422082268361,2.57914282221397,-1.68115849227482,1.34734908415483,0.232835852338782,2.58892136797963
"381",3.39150723012311,1.21493359072616,0.10055194901636,2.63176221234016,0.216313002902343,1.47695382378147,0.176571617046366,2.61378252570579
"382",2.78775894981996,1.2084685590013,0.106129342189848,2.60834934319757,0.214165591426513,1.13748630727404,0.155005120372577,2.76127525101101
"383",1.6729527692155,1.88178611229929,0.148407555369545,2.54199130363195,-2.08504836476199,1.61442076414503,0.277338637791762,2.65151623941281
"384",-2.17286556327307,2.30085591474257,0.281028257995839,2.46558355393825,-3.5045661400488,1.15771094104925,0.340294321246052,2.7278729814539
"385",-2.1294601408781,1.12662153717049,0.195081369272636,2.68986172016837,-3.23548325495373,0.970575332074137,0.287143255366307,2.79494706797522
"386",1.87216643503947,2.82895074602797,0.178124248517224,2.46305661249583,3.55063425290561,1.14398880780861,0.10468490957306,2.72965691486406
"387",3.85703607902203,0.598096830235331,0.0676764050652197,2.85465126953584,2.3894752883391,2.68828516191868,0.181052709033429,2.47827615327319
"388",2.73599437534995,1.65617954674115,0.124866896934324,2.57683934746225,-2.47613801918937,1.96229999893597,0.334300291761912,2.54122918616687
"389",-1.83429376523222,2.79185907149002,0.291293115353305,2.44754565300098,-2.03655516458877,1.36509249946288,0.252354054642947,2.61891601980648
"390",-1.36592734743729,1.51479553810748,0.198368516019138,2.63907935790812,-2.0087591173328,0.528039650567918,0.156013786081915,2.85651950244621
"391",1.04922726867403,2.56001790815846,0.185623712638166,2.45155615981865,3.35412945414729,0.95195475679571,0.0973678298956145,2.66976352751258
"392",1.17723113228885,2.50940831782814,0.181090487575296,2.48429280439919,2.67459846301614,3.16960688972275,0.190593138151097,2.3196891879495
"393",-1.47438831041862,3.99486850952408,0.32787331733164,2.35445188423745,-0.73113829428929,1.37246824866072,0.197382166897067,2.6329727814375
"394",-2.40791898710392,1.31281546776358,0.221944357696598,2.58926369125839,-0.277997501968943,0.666356090102654,0.127778500194418,2.86422397227377
"395",-0.995434554603049,1.40210698567167,0.180093350498584,2.53187779687338,-1.03881298918246,3.79105921964961,0.345982804121511,2.36027185808466
"396",-2.35076985114788,1.43699430132546,0.229661669526948,2.60778439597723,2.44631814752282,1.04682842703197,0.112276178578845,2.69875301688055
"397",-1.40412251377346,0.964822331957007,0.159294662274481,2.68285818379105,3.43114737162235,1.15354029354748,0.106364941596712,2.72096082431846
"398",-1.31715944810783,3.44766795505933,0.296932808647534,2.40391472924523,0.190013707884321,1.51164643689881,0.179318535314076,2.55811052158557
"399",-3.00130041123493,1.21126100328699,0.240873527355102,2.67275230819408,1.65041424046801,1.53118163522607,0.148783219198839,2.6481515840892
"400",-0.519039763154804,1.49222126660848,0.173238433268168,2.64264868202757,3.15967172945442,1.60524635360926,0.128940361033598,2.59790843732567
"401",1.37941720832784,1.07046559368577,0.0982909786413587,2.59241599516635,-1.98356102232955,1.4464209731049,0.233581773985271,2.54492885297866
"402",1.96125440676004,0.928527009376123,0.0867478903496492,2.70402568847137,-2.91594744932722,1.54496447732566,0.294790266522834,2.47422848770609
"403",1.80496001706969,2.02588821788333,0.12996411840921,2.49127563814968,-1.20361037269033,0.797571320474309,0.150632787197993,2.71657928649718
"404",-0.995234752136586,1.9147789632339,0.169753148041431,2.48313133112509,-1.28882573572694,1.36953537158482,0.200266753909188,2.61619628339421
"405",-1.76960450892598,1.3159805368634,0.155500902221835,2.55281936806788,-3.11486029582071,1.31847552077144,0.285809737372666,2.59057850712841
"406",1.11146271624945,0.643813351697937,0.0782178353284662,2.84611251631278,-1.25717185082933,1.04499198725754,0.173993305719483,2.64198415461147
"407",2.7560508542363,1.75928581486779,0.111433784846033,2.50259996995318,-2.21743372080187,1.22711193068586,0.225383696410252,2.59029557289432
"408",2.95566630852088,1.19141067434915,0.0901896163214128,2.6620102691857,-2.23330011363095,1.48700095653224,0.248908818472674,2.56242242372242
"409",0.533327428368117,1.29122281620976,0.117386760915463,2.59611253712301,-2.77075355233459,0.797544312170605,0.20475193896637,2.70920899120372
"410",-1.16408050310172,1.99445489609699,0.17691340974455,2.49449974063392,-2.03377422116,0.847853565723159,0.180596032175401,2.76704608493521
"411",1.16376063949532,1.51193894325123,0.119257161494953,2.59558148552005,1.54592955807506,2.83627916608397,0.194061278122786,2.36995473465524
"412",2.19798372031935,1.99079222298425,0.124370220339777,2.47117685146459,2.2205841701047,1.81719641246941,0.144128954256425,2.56194668542649
"413",2.42796518262531,2.86181705041391,0.146153226648456,2.38339665102405,0.765205158376894,1.58794855706123,0.159559765251996,2.56006913101645
"414",0.534547160707701,1.57510385995726,0.129633844844002,2.53699359849691,-0.631122583791951,0.737385410195252,0.132083719612396,2.7947859290793
"415",-0.0735498230049683,1.37132888116572,0.129064705969209,2.69450907974588,-0.768789404088461,0.558847151190704,0.117474514417878,2.81921590822383
"416",-0.501412981489326,1.19550803370311,0.126471118502688,2.65565783415641,2.62574126846082,0.669373783554697,0.0838431771584022,2.77946955935834
"417",1.72899015140005,1.68520662063185,0.119361811440341,2.50839831158076,3.2613094900246,1.20270890867869,0.105514012690589,2.69251815463669
"418",0.41497743307485,1.45921814248417,0.126334240147665,2.50120941485119,2.13996730190555,0.751353255818304,0.0934828541269015,2.83633929408153
"419",-2.47687538095523,1.40021280158009,0.17740894468028,2.56240045386754,1.22274360914223,2.0616670465307,0.171852519956646,2.48555645696797
"420",-3.68806827849781,1.17575551976475,0.198639699324247,2.67954148234971,-1.97089701203049,2.16671786983873,0.285184491486849,2.40545329261612
"421",-0.340713390097527,1.08672073592962,0.118379249503934,2.65137890904557,2.39887287257178,0.757582804181299,0.0913197347006526,2.69627927004154
"422",0.868637962505717,0.986360655126454,0.0991625157427638,2.71905421235733,4.98576312981047,1.18318680127169,0.0897615305389799,2.65697737437674
"423",-1.2510740509783,1.5274033372986,0.156525214775087,2.61731414158626,2.46180607813044,3.06643542427297,0.182519115712139,2.39117931922362
"424",-3.62095409014743,2.5156779616218,0.287030500103583,2.41445363674959,0.97838237533126,0.739258473833127,0.106007351190599,2.74275496105677
"425",-5.95743343032572,1.06089033044251,0.322945759989553,2.67239040484756,-0.216257677371432,1.785467949248,0.193202518356014,2.49985185086009
"426",-2.91546208669965,1.124475732216,0.388266656938204,2.59724608058252,4.52244451252559,1.63369213736705,0.117081890472214,2.51579113780242
"427",-2.44658257592889,0.736096950734165,0.268110636086959,2.68117732486919,-0.01355708100495,2.50802569967709,0.24819379359347,2.38056562849932
"428",-2.81664413064987,1.17852710494631,0.383609058817218,2.61658029027698,-3.05693605308149,1.35940483718754,0.349352229345304,2.48976580893426
"429",-1.6402878909729,0.615093160533396,0.195760367695935,2.72439189539559,-3.82299099914794,1.35883809265197,0.453335876767622,2.47938018609677
"430",-1.0507112706142,0.604137941239441,0.169121089612055,2.91412778599866,-2.42698175136557,2.68433814601889,0.412967064742426,2.38618890270335
"431",-2.15225792910891,0.646113658457838,0.23003187280026,2.78114441167657,3.19001732670769,0.999522510947157,0.104311588195231,2.69391918879814
"432",-2.69074874572835,1.00699472703875,0.339492204736487,2.60546605396733,0.00959143421368433,2.63824145073062,0.253635182741959,2.38582171388841
"433",-3.27734446731104,0.811808301473648,0.380288614681238,2.72204641206647,-1.46829606582758,0.560590254216521,0.151992815674351,2.73866515118086
"434",-0.492155584588544,1.32471945068405,0.223295205679294,2.52210098886994,-2.87094532445184,1.00194466599553,0.284091719410232,2.62530112218828
"435",-0.666117986595203,1.7972118734147,0.269170549949398,2.46170317618469,-2.88432943471318,1.43679730763969,0.341497337164068,2.51274854377826
"436",-0.0385851208877446,1.85902377722439,0.243126710468933,2.53655447052654,0.842977984936211,1.74071343301659,0.18229930469523,2.52009775253667
"437",-0.412151338079327,0.919881024252414,0.183228994625327,2.65897556405813,-1.77912860966467,1.63456260663138,0.277017786816015,2.56063974366445
"438",-0.578369121070735,0.948714677434737,0.192181115540654,2.74148734470725,-0.241132116571158,1.87213724825657,0.222364835304483,2.51410686152286
"439",0.756693911657392,0.470598218821144,0.107132475876071,2.7680986284194,-0.793862541732802,0.767747675147952,0.156452657091153,2.68906957290499
"440",1.88141468918161,0.452903403614976,0.0893967760401674,2.8018239395266,-2.14094916610862,0.452696847184464,0.1581855422233,2.82568219505611
"441",-0.288226308347739,1.86793104431889,0.255062581713911,2.46701469838697,1.3185163323884,0.862744323063428,0.120427286204836,2.64008629445127
"442",-0.18238095360623,0.719556115292724,0.155239979118426,2.74345440920754,1.41484956104212,1.84481009551683,0.173927784904319,2.44464956119264
"443",0.646566153595577,0.82968868124243,0.144739748377034,2.64900080445801,2.09677730438484,0.575233754831991,0.0893216034759572,2.73643047796457
"444",1.49560610429639,0.870462893241181,0.130629796219136,2.62946097984776,-0.119199446373599,0.482640663973988,0.110710133438606,2.6943714893001
"445",3.65352707399253,0.533435595019281,0.0785329165908499,2.82361478173369,-1.54560167503155,0.817498741293765,0.186471878652168,2.7045300872196
"446",0.194533164853474,1.1800547869727,0.185974484175187,2.64188486563806,2.92906465399181,2.04971766281776,0.15355774722531,2.42667199051092
"447",0.892918132295204,0.586896747635354,0.117147912312039,2.70544058284862,2.51761096049796,0.929399181475262,0.108175164459335,2.60034712779476
"448",1.77315169646652,1.15185733602762,0.144647019765927,2.63278755347206,2.05507376135746,0.403533113435953,0.0751817061921426,2.8971996830049
"449",3.80379454869678,1.12054289154117,0.11201183749096,2.608095401906,1.94535538775094,1.9631823776789,0.168007740273529,2.52998473558555
"450",6.54982003515387,1.40397008326052,0.0971507727526157,2.62189344191443,0.321631045278273,1.92548567868028,0.206614255246568,2.4426956047355
"451",-4.06171072622122,0.692196891623604,0.328095540673146,2.75398888674867,1.5472598386584,2.06787531572577,0.172451211438894,2.50650671283884
"452",-2.57751953023206,0.96118795721149,0.243881790979221,2.60259509086802,-0.636262143443044,2.2119059999896,0.241627299493501,2.43002788860548
"453",-1.44625390048828,1.11544785858792,0.205027294830104,2.6462309071047,-2.71587427109983,0.839263700637653,0.224784448564052,2.72292927708946
"454",0.102171777101931,1.24564803228025,0.166587972071988,2.53404097014163,-3.53563160276658,0.890525848914545,0.289848204500638,2.7499861634234
"455",0.550410136365553,1.75555497992753,0.185364967907689,2.49479000302293,-3.9020244672334,1.46452128801573,0.418836782215398,2.51932890555857
"456",-3.72385750708626,1.78613362348664,0.465075068467784,2.56266377742301,2.15388795569284,0.910064085956879,0.106645362052706,2.7705142592122
"457",-0.292627580503911,1.14585873002627,0.169780848379407,2.67411586613063,0.83192399083,1.14073490814297,0.140103296001777,2.58384608269763
"458",0.942166768607524,1.32904863353991,0.152903644184364,2.57657083178257,-1.9345528242662,1.39733003272483,0.24338602061985,2.53724396504658
"459",1.51759222031339,1.58168160023519,0.154976430868262,2.62074738510413,-3.43944299237989,1.58638634576444,0.375756818532165,2.51524370889204
"460",-0.655969417650112,2.09566709110508,0.243647657609023,2.47909011302476,-2.96315946630607,1.7932811332604,0.349804746057395,2.54088607419887
"461",-3.11630084779224,1.48322399499434,0.349843275378737,2.50127931620338,1.70616802992839,0.568889142240525,0.0887604507478441,2.89807338919175
"462",-0.339578635039059,1.20226860545145,0.175214527182254,2.66263141724751,-0.0685061102514044,0.339784007166714,0.0867052955969686,2.89899877066885
"463",2.97148993867454,1.20453079670626,0.114694476270912,2.69077973821195,-1.84706376487195,1.25423278124131,0.226507005372922,2.61935562476325
"464",1.37872482875624,0.923021559369034,0.120450362483929,2.56260791580256,-0.538788750948991,0.894162431581358,0.151233229318513,2.68451865015866
"465",1.56000966936214,0.633143718861309,0.0975423331466905,2.72799964386808,-1.156575817428,0.647900236765183,0.142848009205107,2.87067274188187
"466",-1.66726136043194,0.654439959375387,0.164084016101389,2.79666337624449,1.32569588454613,0.730856860284991,0.105321207538833,2.72627289421817
"467",-0.227610321184204,1.43032344018083,0.187752049324447,2.56155461468044,-0.112365425478811,0.668211081162375,0.122389330959926,2.79820431183359
"468",2.46739662197904,1.24194305123119,0.122938415689504,2.66343247908693,-0.530544082334165,1.19142462860832,0.174341195899253,2.63536522120052
"469",2.46838918631708,1.00899877854121,0.110798668340061,2.62537287670303,1.20625843954751,1.51378596183214,0.153840162975759,2.56844052755469
"470",2.61794912773781,1.29997798767749,0.123723194863504,2.6016207459578,1.53097895582308,4.23349710694696,0.247230746347328,2.33600042865517
"471",-3.32129508008866,1.40648449653239,0.361989008587545,2.45934106643996,1.37341089523306,1.04100619435086,0.124962834131796,2.64800483721758
"472",-0.439037867289937,1.57080210834656,0.203511011583083,2.50930942835014,0.929376388863114,0.720573094653352,0.109945739853624,2.68404594485362
"473",-0.841900301350201,1.3482350426315,0.201739823464475,2.61722113585526,2.70589138280937,1.50149011584777,0.129021405470432,2.64464399725962
"474",1.49831629296663,2.96616606802662,0.212733883613782,2.43479080419912,3.25506824589944,0.504557720644984,0.0707037239273339,2.88953293182433
"475",4.63630650717635,0.674946858190246,0.0731320166772159,2.72610163347049,4.81487171097699,1.04376242073237,0.0880254662312774,2.69977556324303
"476",2.92061555815689,1.09842853369634,0.0936120399694726,2.66391981192755,1.34740120258344,0.689377731759029,0.116119935722855,2.77168078571058
"477",1.46540897122953,1.25468890608801,0.114996253512236,2.73895788163431,0.921251552804469,0.394095693552098,0.0933611102377766,2.85507946153995
"478",-0.85828617410712,1.28754555895016,0.15298906714059,2.64975900815469,-0.392965897219973,1.3333580514252,0.213444378071348,2.52290076397341
"479",-2.7066837918044,1.52374751281893,0.221676735006483,2.57462379108498,-1.42080208800158,0.766610870055146,0.199806441610739,2.60954987075104
"480",-5.59209817521624,1.29238770650897,0.423707047048135,2.71720761583724,-1.65575084979524,0.75989859270742,0.210199884085149,2.75036571019375
"481",2.59542308353251,1.62388906121238,0.117226373024172,2.63269806115543,2.96171817337369,0.793695390671607,0.101647327801309,2.67440632580324
"482",2.95401364610837,0.802531490374938,0.079778016352911,2.80155935768028,0.339891108802389,1.48479429453035,0.198367402136035,2.48486455316509
"483",0.628535664094744,2.82486489695553,0.188768063821803,2.46619138581186,-0.820703980639837,0.787136443337675,0.178076981160059,2.73160299339289
"484",-2.59236256643019,2.34451978982382,0.269441666560314,2.50313875103727,-0.986204888540079,0.698525288783072,0.173518433358508,2.78555704805056
"485",-2.9631133311341,1.30631523698568,0.215160276274756,2.73498845209512,-0.728681838262043,0.785947527830476,0.174715389500849,2.72249982447615
"486",2.15031566375631,1.49256831177497,0.117184782662618,2.68661501788127,3.03947814931268,1.89973580238684,0.155876103105317,2.42646350346307
"487",1.76918045940991,1.7902753310762,0.133210505864747,2.52881690801734,0.378326459700522,0.956913419791549,0.15825759341214,2.74171222380766
"488",2.56233491385161,0.924260511281828,0.0887091222686836,2.83998751433008,-1.33965748286491,0.75673040544955,0.194905506257075,2.74064284344863
"489",1.04495504506405,2.0380472520248,0.153174277034364,2.64523317395003,-2.64486617110775,1.03032266173988,0.321421929692675,2.55270656081632
"490",-0.224799694438792,2.12232688866709,0.180963424427482,2.50845428347287,-1.91806593379185,1.92362838382803,0.357020137272234,2.41568251845037
"491",0.988817000877834,2.39233566271311,0.166960438577391,2.45566586316071,4.73069729997498,0.730769789931968,0.0811549990627147,2.83362081676081
"492",-0.0253769963694456,2.14279453986482,0.177438446531804,2.52511551095199,0.752774434916316,2.08307994160164,0.220159948721361,2.49884050657119
"493",0.727392663495007,1.07229999137126,0.115025059918363,2.70397514372803,-1.66201251669442,0.570590511550958,0.18242029604179,2.79818706632317
"494",0.640209874486302,2.36092446101527,0.17234618233557,2.45018480392816,-3.46167683903105,0.546624255464564,0.315797921126253,2.83020179690286
"495",-0.583366437830313,2.60508596562666,0.209837640966648,2.46695967809515,-2.40885819037378,0.956344505959745,0.288134497594335,2.66027827040716
"496",-3.18944918357268,1.50705464226287,0.241386409999077,2.70907459579607,5.81669188711067,0.75270165106179,0.0746658643294572,2.77162947043932
"497",-1.54724135599944,1.3179849345323,0.170637498208727,2.67174354433907,0.998632811868399,6.2905749503736,0.368757616471511,2.20512766105999
"498",0.090601088921049,2.28103897049443,0.180534780116206,2.53366651970656,-1.18630366755338,1.68220527554756,0.280945100096878,2.48237508722209
"499",0.509079487090104,1.63813702330503,0.145703818163019,2.62491389770855,-0.687269504405713,3.10213443695474,0.344298104174754,2.31928969965892
"500",-0.764105413171333,2.92214682165239,0.227588379395247,2.41505858829386,0.0269567678340335,3.94902731624826,0.340871151637723,2.30325895480933
